junction_radius,conflict_ttc,release_margin,occupied_radius,conflict_radius,min_closing,tie_eps,match_eps,seed_offset,episodes,collision_rate_pct,collision_rate_lo_pct,collision_rate_hi_pct,per_agent_collision_rate_pct,per_agent_collision_rate_lo_pct,per_agent_collision_rate_hi_pct,arrival_rate_pct,arrival_rate_lo_pct,arrival_rate_hi_pct,timeout_rate_pct,timeout_rate_lo_pct,timeout_rate_hi_pct,avg_time_to_cross_s
20.0,2.0,0.5,12.0,4.0,0.5,0.5,1.0,0,300,25.7,21.1,30.9,15.2,12.5,18.3,79.3,75.9,82.4,5.5,3.9,7.6,9.64
20.0,2.0,0.5,15.0,4.0,0.5,0.5,1.0,0,300,22.7,18.3,27.7,13.0,10.5,15.9,86.2,83.2,88.7,0.8,0.4,1.9,8.79
20.0,2.0,0.5,18.0,4.0,0.5,0.5,1.0,0,300,21.0,16.8,26.0,11.5,9.2,14.3,87.8,85.0,90.2,0.7,0.3,1.7,8.5
20.0,2.0,1.5,12.0,4.0,0.5,0.5,1.0,0,300,25.7,21.1,30.9,15.2,12.5,18.3,79.3,75.9,82.4,5.5,3.9,7.6,9.71
20.0,2.0,1.5,15.0,4.0,0.5,0.5,1.0,0,300,22.7,18.3,27.7,13.0,10.5,15.9,86.0,83.0,88.5,1.0,0.5,2.2,8.82
20.0,2.0,1.5,18.0,4.0,0.5,0.5,1.0,0,300,21.0,16.8,26.0,11.5,9.2,14.3,87.8,85.0,90.2,0.7,0.3,1.7,8.57
20.0,2.0,3.0,12.0,4.0,0.5,0.5,1.0,0,300,26.0,21.4,31.2,15.3,12.7,18.4,78.7,75.2,81.8,6.0,4.4,8.2,9.79
20.0,2.0,3.0,15.0,4.0,0.5,0.5,1.0,0,300,22.7,18.3,27.7,13.0,10.5,15.9,86.0,83.0,88.5,1.0,0.5,2.2,8.96
20.0,2.0,3.0,18.0,4.0,0.5,0.5,1.0,0,300,21.0,16.8,26.0,11.5,9.2,14.3,87.8,85.0,90.2,0.7,0.3,1.7,8.71
20.0,3.0,0.5,12.0,4.0,0.5,0.5,1.0,0,300,26.0,21.4,31.2,16.0,13.3,19.1,68.0,64.2,71.6,16.0,13.3,19.1,10.54
20.0,3.0,0.5,15.0,4.0,0.5,0.5,1.0,0,300,21.3,17.1,26.3,13.0,10.5,15.9,77.7,74.2,80.8,9.3,7.3,11.9,9.65
20.0,3.0,0.5,18.0,4.0,0.5,0.5,1.0,0,300,23.3,18.9,28.4,12.7,10.2,15.6,81.8,78.5,84.7,5.5,3.9,7.6,8.97
20.0,3.0,1.5,12.0,4.0,0.5,0.5,1.0,0,300,26.3,21.7,31.6,16.2,13.4,19.3,66.8,63.0,70.5,17.0,14.2,20.2,10.57
20.0,3.0,1.5,15.0,4.0,0.5,0.5,1.0,0,300,21.7,17.4,26.7,13.2,10.7,16.1,77.2,73.6,80.3,9.7,7.6,12.3,9.71
20.0,3.0,1.5,18.0,4.0,0.5,0.5,1.0,0,300,23.7,19.2,28.8,12.8,10.4,15.7,81.5,78.2,84.4,5.7,4.1,7.8,9.06
20.0,3.0,3.0,12.0,4.0,0.5,0.5,1.0,0,300,25.3,20.7,30.5,15.7,13.0,18.8,65.7,61.8,69.4,18.7,15.8,22.0,10.69
20.0,3.0,3.0,15.0,4.0,0.5,0.5,1.0,0,300,22.0,17.7,27.0,13.5,11.0,16.5,76.2,72.6,79.4,10.3,8.1,13.0,9.86
20.0,3.0,3.0,18.0,4.0,0.5,0.5,1.0,0,300,24.0,19.5,29.1,13.0,10.5,15.9,80.7,77.3,83.6,6.3,4.6,8.6,9.16
20.0,4.0,0.5,12.0,4.0,0.5,0.5,1.0,0,300,27.3,22.6,32.6,16.5,13.7,19.7,62.3,58.4,66.1,21.2,18.1,24.6,11.04
20.0,4.0,0.5,15.0,4.0,0.5,0.5,1.0,0,300,29.3,24.5,34.7,17.3,14.5,20.6,73.3,69.7,76.7,9.3,7.3,11.9,10.06
20.0,4.0,0.5,18.0,4.0,0.5,0.5,1.0,0,300,28.7,23.8,34.0,16.5,13.7,19.7,79.5,76.1,82.5,4.0,2.7,5.9,9.52
20.0,4.0,1.5,12.0,4.0,0.5,0.5,1.0,0,300,27.0,22.3,32.3,16.3,13.6,19.5,61.3,57.4,65.1,22.3,19.2,25.8,11.09
20.0,4.0,1.5,15.0,4.0,0.5,0.5,1.0,0,300,30.7,25.7,36.1,17.8,15.0,21.1,71.5,67.8,75.0,10.7,8.4,13.4,10.11
20.0,4.0,1.5,18.0,4.0,0.5,0.5,1.0,0,300,29.7,24.8,35.1,16.8,14.1,20.0,78.2,74.7,81.3,5.0,3.5,7.0,9.64
20.0,4.0,3.0,12.0,4.0,0.5,0.5,1.0,0,300,27.7,22.9,33.0,16.7,13.9,19.9,60.5,56.5,64.3,22.8,19.7,26.4,11.13
20.0,4.0,3.0,15.0,4.0,0.5,0.5,1.0,0,300,31.7,26.7,37.1,18.5,15.6,21.8,71.5,67.8,75.0,10.0,7.8,12.7,10.24
20.0,4.0,3.0,18.0,4.0,0.5,0.5,1.0,0,300,30.7,25.7,36.1,17.3,14.5,20.6,78.0,74.5,81.1,4.7,3.2,6.7,9.78
20.0,5.0,0.5,12.0,4.0,0.5,0.5,1.0,0,300,29.7,24.8,35.1,18.0,15.1,21.3,56.2,52.2,60.1,25.8,22.5,29.5,11.11
20.0,5.0,0.5,15.0,4.0,0.5,0.5,1.0,0,300,32.0,27.0,37.5,18.0,15.1,21.3,69.7,65.9,73.2,12.3,9.9,15.2,10.37
20.0,5.0,0.5,18.0,4.0,0.5,0.5,1.0,0,300,29.7,24.8,35.1,16.5,13.7,19.7,77.8,74.3,81.0,5.7,4.1,7.8,10.08
20.0,5.0,1.5,12.0,4.0,0.5,0.5,1.0,0,300,30.3,25.4,35.8,18.5,15.6,21.8,54.7,50.7,58.6,26.8,23.4,30.5,11.21
20.0,5.0,1.5,15.0,4.0,0.5,0.5,1.0,0,300,32.7,27.6,38.2,18.3,15.4,21.6,69.0,65.2,72.6,12.7,10.2,15.6,10.58
20.0,5.0,1.5,18.0,4.0,0.5,0.5,1.0,0,300,30.0,25.1,35.4,16.7,13.9,19.9,77.2,73.6,80.3,6.2,4.5,8.4,10.23
20.0,5.0,3.0,12.0,4.0,0.5,0.5,1.0,0,300,30.7,25.7,36.1,18.7,15.8,22.0,53.0,49.0,57.0,28.3,24.9,32.1,11.21
20.0,5.0,3.0,15.0,4.0,0.5,0.5,1.0,0,300,33.3,28.2,38.8,18.7,15.8,22.0,67.5,63.7,71.1,13.8,11.3,16.8,10.63
20.0,5.0,3.0,18.0,4.0,0.5,0.5,1.0,0,300,29.7,24.8,35.1,16.3,13.6,19.5,76.5,72.9,79.7,7.2,5.4,9.5,10.32
