episode,agent0_outcome,agent0_step,agent1_outcome,agent1_step
0,arrived,8,arrived,11
1,crashed,5,arrived,12
2,crashed,5,arrived,8
3,arrived,9,arrived,8
4,arrived,9,arrived,7
5,arrived,9,arrived,8
6,crashed,4,arrived,9
7,crashed,5,crashed,4
8,crashed,5,arrived,7
9,arrived,8,arrived,8
10,arrived,8,arrived,8
11,arrived,9,arrived,10
12,arrived,9,arrived,8
13,arrived,8,arrived,8
14,arrived,10,arrived,8
15,arrived,8,arrived,8
16,crashed,6,arrived,9
17,crashed,6,arrived,8
18,arrived,9,arrived,8
19,arrived,9,arrived,8
20,crashed,4,arrived,8
21,arrived,8,arrived,7
22,arrived,9,arrived,8
23,arrived,9,arrived,8
24,arrived,9,arrived,8
25,arrived,9,arrived,10
26,arrived,10,arrived,11
27,arrived,8,arrived,8
28,arrived,8,arrived,8
29,arrived,8,arrived,8
30,arrived,9,arrived,8
31,arrived,9,arrived,8
32,arrived,9,arrived,8
33,arrived,9,arrived,7
34,arrived,9,arrived,7
35,crashed,3,arrived,8
36,arrived,9,arrived,7
37,arrived,9,arrived,9
38,arrived,10,arrived,9
39,arrived,10,arrived,10
40,crashed,6,arrived,10
41,arrived,9,arrived,8
42,arrived,9,arrived,11
43,arrived,9,arrived,8
44,arrived,8,arrived,11
45,arrived,8,arrived,8
46,arrived,9,arrived,10
47,arrived,8,arrived,7
48,arrived,10,arrived,8
49,arrived,8,arrived,9
50,arrived,9,arrived,10
51,arrived,9,arrived,10
52,arrived,9,arrived,8
53,arrived,9,arrived,8
54,crashed,4,arrived,8
55,arrived,10,arrived,8
56,arrived,9,arrived,7
57,arrived,8,arrived,7
58,arrived,8,arrived,8
59,arrived,9,crashed,9
60,crashed,6,crashed,4
61,arrived,8,arrived,8
62,arrived,9,arrived,8
63,arrived,9,arrived,7
64,crashed,4,arrived,9
65,arrived,9,arrived,9
66,arrived,9,arrived,6
67,arrived,9,arrived,13
68,arrived,8,arrived,8
69,arrived,9,arrived,8
70,arrived,8,arrived,8
71,arrived,8,arrived,8
72,arrived,9,arrived,7
73,arrived,9,arrived,7
74,arrived,8,arrived,8
75,arrived,8,arrived,9
76,arrived,9,arrived,8
77,crashed,5,arrived,16
78,arrived,9,arrived,8
79,arrived,9,arrived,7
80,arrived,8,arrived,8
81,arrived,9,arrived,8
82,arrived,8,arrived,8
83,crashed,5,arrived,9
84,arrived,8,arrived,8
85,arrived,9,arrived,8
86,arrived,9,arrived,8
87,arrived,9,arrived,9
88,arrived,8,arrived,8
89,arrived,8,arrived,8
90,crashed,6,arrived,7
91,arrived,9,arrived,7
92,arrived,8,arrived,8
93,arrived,9,crashed,8
94,arrived,9,arrived,7
95,crashed,5,timeout,
96,crashed,6,arrived,7
97,arrived,8,arrived,9
98,arrived,9,timeout,
99,arrived,8,arrived,8
100,arrived,9,arrived,8
101,arrived,8,arrived,9
102,arrived,8,arrived,9
103,arrived,8,arrived,10
104,arrived,8,arrived,8
105,arrived,10,arrived,9
106,arrived,11,arrived,9
107,crashed,5,arrived,18
108,arrived,9,arrived,8
109,arrived,8,arrived,8
110,arrived,9,arrived,9
111,arrived,11,arrived,9
112,arrived,9,arrived,7
113,crashed,4,arrived,8
114,arrived,8,arrived,9
115,arrived,8,arrived,9
116,arrived,9,arrived,8
117,arrived,11,arrived,9
118,arrived,8,arrived,11
119,arrived,9,crashed,10
120,arrived,9,arrived,8
121,arrived,9,arrived,7
122,arrived,8,arrived,8
123,arrived,8,arrived,11
124,crashed,5,arrived,8
125,crashed,4,arrived,8
126,crashed,5,crashed,5
127,crashed,6,arrived,8
128,arrived,9,arrived,8
129,arrived,16,arrived,8
130,crashed,6,arrived,7
131,arrived,9,arrived,6
132,arrived,9,arrived,8
133,arrived,8,arrived,8
134,arrived,9,arrived,8
135,arrived,8,arrived,7
136,arrived,8,arrived,8
137,arrived,10,arrived,9
138,arrived,8,arrived,10
139,arrived,9,arrived,8
140,crashed,5,arrived,17
141,arrived,8,arrived,8
142,arrived,9,crashed,6
143,arrived,8,arrived,8
144,arrived,9,arrived,7
145,arrived,8,arrived,8
146,arrived,11,arrived,8
147,arrived,9,arrived,8
148,arrived,9,arrived,8
149,timeout,,arrived,7
150,arrived,8,arrived,8
151,arrived,8,arrived,8
152,arrived,8,arrived,8
153,crashed,4,arrived,8
154,arrived,9,arrived,8
155,arrived,9,arrived,8
156,arrived,9,arrived,9
157,crashed,5,arrived,10
158,crashed,6,arrived,8
159,arrived,9,crashed,5
160,crashed,4,arrived,8
161,crashed,4,arrived,8
162,arrived,9,arrived,9
163,arrived,9,arrived,8
164,arrived,10,arrived,8
165,arrived,9,arrived,9
166,crashed,3,crashed,4
167,arrived,8,arrived,8
168,crashed,4,arrived,7
169,arrived,8,arrived,8
170,crashed,6,arrived,8
171,arrived,9,arrived,12
172,arrived,8,arrived,8
173,arrived,8,arrived,9
174,arrived,9,arrived,9
175,arrived,8,arrived,9
176,arrived,9,arrived,8
177,crashed,6,crashed,5
178,arrived,8,arrived,6
179,arrived,8,arrived,8
180,arrived,9,arrived,7
181,arrived,9,arrived,7
182,arrived,9,arrived,6
183,arrived,9,arrived,8
184,arrived,8,arrived,9
185,arrived,9,arrived,8
186,arrived,9,arrived,8
187,arrived,9,arrived,8
188,arrived,9,arrived,7
189,crashed,4,arrived,8
190,arrived,9,arrived,8
191,arrived,8,arrived,8
192,arrived,8,arrived,8
193,arrived,8,arrived,8
194,arrived,9,arrived,8
195,arrived,8,arrived,7
196,arrived,8,arrived,8
197,arrived,10,arrived,8
198,arrived,9,arrived,8
199,crashed,6,arrived,9
200,arrived,11,arrived,8
201,arrived,9,arrived,9
202,arrived,9,arrived,8
203,arrived,8,arrived,8
204,arrived,8,arrived,8
205,crashed,4,arrived,10
206,arrived,8,arrived,6
207,arrived,9,arrived,9
208,arrived,8,arrived,8
209,arrived,8,arrived,8
210,arrived,8,arrived,8
211,timeout,,arrived,8
212,crashed,3,arrived,8
213,arrived,11,arrived,7
214,crashed,4,arrived,7
215,crashed,6,arrived,9
216,arrived,7,arrived,10
217,arrived,9,arrived,7
218,arrived,8,arrived,8
219,arrived,10,arrived,11
220,arrived,8,arrived,8
221,arrived,9,arrived,8
222,arrived,8,arrived,7
223,arrived,8,arrived,8
224,arrived,8,arrived,8
225,arrived,9,arrived,9
226,arrived,8,arrived,8
227,arrived,9,arrived,10
228,arrived,9,arrived,8
229,arrived,9,arrived,7
230,arrived,9,arrived,9
231,crashed,3,crashed,5
232,arrived,9,arrived,10
233,arrived,9,arrived,8
234,arrived,9,arrived,9
235,arrived,8,arrived,8
236,arrived,8,arrived,8
237,arrived,8,arrived,8
238,arrived,8,arrived,8
239,arrived,7,arrived,7
240,arrived,8,arrived,8
241,arrived,8,arrived,8
242,arrived,9,arrived,7
243,arrived,8,arrived,8
244,crashed,5,arrived,7
245,arrived,9,arrived,8
246,arrived,9,arrived,11
247,crashed,3,arrived,8
248,arrived,8,arrived,8
249,crashed,3,arrived,9
250,arrived,9,arrived,7
251,arrived,9,crashed,5
252,arrived,8,arrived,8
253,arrived,8,arrived,8
254,arrived,8,arrived,8
255,arrived,9,arrived,8
256,arrived,9,crashed,6
257,arrived,10,arrived,15
258,crashed,4,arrived,7
259,arrived,8,crashed,9
260,arrived,8,arrived,8
261,arrived,9,arrived,8
262,arrived,7,arrived,7
263,arrived,8,arrived,8
264,crashed,6,arrived,8
265,crashed,6,arrived,10
266,arrived,10,arrived,8
267,arrived,8,arrived,10
268,arrived,8,arrived,8
269,arrived,8,arrived,8
270,arrived,9,arrived,8
271,arrived,8,arrived,8
272,arrived,9,arrived,7
273,crashed,6,arrived,9
274,arrived,9,arrived,8
275,arrived,9,arrived,8
276,arrived,8,arrived,10
277,arrived,9,arrived,7
278,arrived,8,arrived,8
279,arrived,8,arrived,9
280,arrived,8,arrived,8
281,arrived,9,arrived,8
282,crashed,6,arrived,8
283,arrived,7,arrived,7
284,arrived,8,arrived,7
285,arrived,9,arrived,8
286,arrived,8,arrived,8
287,arrived,9,arrived,9
288,arrived,9,arrived,9
289,crashed,6,arrived,7
290,arrived,8,arrived,8
291,arrived,15,crashed,7
292,arrived,8,arrived,7
293,arrived,9,arrived,8
294,arrived,9,crashed,9
295,arrived,9,arrived,8
296,arrived,8,arrived,10
297,crashed,9,arrived,8
298,arrived,8,arrived,8
299,crashed,10,arrived,8
